Prefix,Suffix,Index Band,Date,Year,Julian,Site,Shelf,Time,ID,Age,PAge,Sex,DNA SEX,DNASEX,Final Sex,Bleed,Feath,Mass 1,LWC,Rect,LP5,LP6,R Time,Temp,Time 2,Date 2,Site 2,Mass 2,Date 3,Site 3,Mass 3,Date 4,Site 4,Mass 4,LP1,LP2,LP3,LP4,LP5,LP6,LP7,LP8,LP9,LP10,RP1,RP2,RP3,RP4,RP5,RP6,RP7,RP8,RP9,RP10,Notes
1593,64747,1593-64747,9/17/2014,2014,260,1B,3,20:14,RA,A,A,F,F,#N/A,F,N,Y,69.5,129,64,99,105,20:42,,0:28,,,,,,,,,,3,1.5,1.5,3,3,3,2.5,M,M,M,3,3,1,3,3,3,2.5,M,M,M,A10_2014 F
1783,64313,1783-64313,9/3/2014,2014,246,1A,2,22:47,NR,3,3,U,0,F,F,Y,Y,63.5,134,63,98,108,23:43,,0:56,,,,,,,,,,3,1,1,2.5,2.5,2.5,2.5,M,M,M,3,3,1,3,3,3,3,M,M,M,
1783,64397,1783-64397,9/16/2014,2014,259,2A,2,0:17,RA,A,A,M,0,#N/A,M,N,Y,68.5,120,58,97,102,1:05,,0:48,,,,,,,,,,1.5,1.5,1.5,1,3,3,M,M,M,M,1.5,1.5,1.5,3,3,3,M,M,M,M,
1783,64417,1783-64417,9/3/2013,2013,246,1,,21:09,RY,Y,Y,U,M,#N/A,M,N,N,55.5,122,60,98,107,,,,,,,,,,,,,,,,,,,,,,,,,,,,,,,,,A8_2013 Nestling
1783,64429,1783-64429,9/21/2013,2013,264,1A,4,21:19,U,A,A,U,F,#N/A,F,N,N,68.5,130,57,89,102,22:02,,0:43,,,,,,,,,,,,,,,,,,,,,,,,,,,,,,
1783,64430,1783-64430,9/3/2013,2013,246,1B,,21:25,U,Y,Y,U,0,#N/A,U,N,N,56,122,92,100,62,22:11,,0:46,9/19/2013,2,57,,,,,,,2.5,2.5,2.5,2.5,2.5,2,2,2,2,1,2.5,2.5,2.5,2.5,2.5,2,2,2,2,1,
1783,64430,1783-64430,9/19/2013,2013,262,1A,3,21:53,F,Y,Y,U,0,#N/A,U,N,N,57,122,52,90,100,22:12,,0:19,,,,,,,,,,,,,,,,,,,,,,,,,,,,,,
1783,64431,1783-64431,9/22/2013,2013,265,1B,2,21:12,U,Y,Y,U,M,#N/A,M,N,N,63,120,55,90,100,21:29,,0:17,,,,,,,,,,,,,,,,,,,,,,,,,,,,,,
1783,64440,1783-64440,9/19/2013,2013,262,1A,3,22:15,U,Y,Y,U,0,#N/A,U,N,N,62,134,60,95,105,22:37,,0:22,,,,,,,,,,,,,,,,,,,,,,,,,,,,,,
1783,64441,1783-64441,9/19/2013,2013,262,1B,,22:39,U,U,,U,0,#N/A,U,N,N,63,131,60,94,101,23:22,,0:43,,,,,,,,,,,,,,,,,,,,,,,,,,,,,,"This and the CN11 bird were captured in the 3rd and 2nd shelves of the net, no specifics of which shelf for which bird."
1783,64443,1783-64443,9/3/2013,2013,246,1B,,21:35,U,U,,U,0,#N/A,U,N,N,57,131,62,92,103,22:22,,0:47,,,,,,,,,,3,3,3,3,1,1,1,1,1,0.5,3,3,3,3,1,1,1,1,1,0.5,
1783,64444,1783-64444,9/21/2013,2013,264,1B,2,22:29,U,Y,Y,U,0,#N/A,U,N,N,58.5,126,60,94,102,23:03,,0:34,,,,,,,,,,,,,,,,,,,,,,,,,,,,,,
1783,64445,1783-64445,9/21/2013,2013,264,1B,2,22:29,U,Y,Y,U,0,#N/A,U,N,N,68,125,63,97,105,23:17,,0:48,,,,,,,,,,,,,,,,,,,,,,,,,,,,,,
1783,64446,1783-64446,9/26/2013,2013,269,1B,H,21:46,U,Y,Y,U,0,#N/A,U,N,N,67,132,63,98,106,22:03,,0:17,,,,,,,,,,,,,,,,,,,,,,,,,,,,,,
1783,64452,1783-64452,9/21/2013,2013,264,1A,3,21:57,U,A,A,U,F,#N/A,F,N,N,69.5,129,60,96,105,22:26,,0:29,,,,,,,,,,,,,,,,,,,,,,,,,,,,,,
1783,64453,1783-64453,9/21/2013,2013,264,1B,2,21:06,U,Y,Y,U,0,#N/A,U,N,N,58,133,65,100,110,21:33,,0:27,,,,,,,,,,,,,,,,,,,,,,,,,,,,,,
1783,64454,1783-64454,9/21/2013,2013,264,1B,2,21:06,U,A,A,U,0,M,M,N,N,64,135,62,95,99,21:47,,0:41,9/24/2015,1,62.9,,,,,,,,,,,,,,,,,,,,,,,,,,,
1783,64454,1783-64454,9/24/2015,2015,267,1B,3,20:18,PF,A,A,U,0,M,M,R,Y,62.9,134,61,99,107,21:00,,0:42,,,,,,,,,,0.5,0.5,2.5,2.5,2.5,2,2,M,M,M,0.5,2.5,2.5,2.5,2.5,2,2,M,M,M,Banded 9/21/2013 on Saddle as an Adult.
1783,64455,1783-64455,9/3/2013,2013,246,1B,,21:30,U,A,A,F,0,#N/A,F,N,N,68.5,130,59,95,104,22:17,,0:47,,,,,,,,,,3,0.5,0.5,2.5,2.5,2.5,2.5,2.5,2,1,3,0.5,0.5,2.5,2.5,2.5,2.5,2.5,2,1,
1783,64458,1783-64458,9/19/2013,2013,262,1A,3,23:05,U,Y,Y,U,0,#N/A,U,N,N,63.5,129,59,95,105,23:47,,0:42,,,,,,,,,,,,,,,,,,,,,,,,,,,,,,
1783,64461,1783-64461,9/19/2013,2013,262,1B,,22:39,NR,Y,Y,U,0,F,F,N,N,57.5,131,61,90,103,23:30,,0:51,,,,,,,,,,,,,,,,,,,,,,,,,,,,,,CN11_2013 Nestling
1783,64465,1783-64465,8/20/2014,2014,232,1B,2,22:15,RA,A,A,F,0,#N/A,F,N,Y,60,128,61,26,106,22:43,,0:28,,,,,,,,,,,,,,,,,,,,,,,,,,,,,,
1783,64469,1783-64469,9/3/2013,2013,246,1B,1,20:58,U,U,,U,F,#N/A,F,Y,N,57.5,129,62,95,103,22:26,,1:28,,,,,,,,,,2.5,2.5,2.5,2.5,1,0.5,0.5,0.5,0.5,0.5,2.5,2.5,2.5,2.5,1,0.5,0.5,0.5,0.5,0.5,
1783,64470,1783-64470,9/3/2013,2013,246,1B,2,21:19,U,Y,Y,U,F,#N/A,F,Y,N,64,135,65,98,108,21:58,,0:39,,,,,,,,,,2.5,2.5,2.5,2.5,2.5,2.5,2.5,2.5,2,1.5,2.5,2.5,2.5,2.5,2.5,2.5,2.5,2.5,2,1.5,
1783,64472,1783-64472,8/20/2014,2014,232,1A,4,21:03,U,A,A,U,0,M,M,Y,Y,61,125,58,97,106,21:44,,0:41,,,,,,,,,,3,3,3,3,3,3,M,M,M,0,3,3,3,3,3,3,M,M,M,0,
1783,64473,1783-64473,8/21/2014,2014,233,2,2,21:44,U,Y,Y,U,0,F,F,Y,Y,56,130,60,96,103,22:14,,0:30,,,,,,,,,,,,,,,,,,,,,,,,,,,,,,
1783,64474,1783-64474,8/22/2014,2014,234,1B,4,21:18,U,Y,Y,U,0,M,M,Y,Y,57,133,61,99,108,21:50,,0:32,,,,,,,,,,,,,,,,,,,,,,,,,,,,,,
1783,64475,1783-64475,8/26/2014,2014,238,1A,2,23:17,U,Y,Y,U,0,M,M,Y,Y,56.5,127,59,95,103,23:44,,0:27,9/16/2014,2,59,,,,,,,,,,,,,,,,,,,,,,,,,,,
1783,64475,1783-64475,9/16/2014,2014,259,2A,,22:46,F,Y,Y,U,0,M,M,Y,Y,59,127,60,95,103,23:51,,1:05,,,,,,,,,,3,3,2.5,2.5,2.5,1.5,1.5,1.5,1,1,3,2.5,2.5,2,2,1.5,1.5,1.5,1,1,
1783,64476,1783-64476,8/28/2014,2014,240,1A,3,20:58,U,Y,Y,U,0,F,F,Y,Y,58,129,65,96,106,21:29,7,0:31,,,,,,,,,,,,,,,,,,,,,,,,,,,,,,
1783,64490,1783-64490,8/31/2015,2015,243,1A,4,22:35,RY,2,2,M,0,#N/A,M,N,N,64.5,128,62,97,107,23:10,,0:35,,,,,,,,,,1.5,3,2.5,2.5,2.5,3,2.5,M,M,M,1.5,3,2.5,2.5,2.5,3,2.5,M,M,M,A20_2014 fledgling! Breeding in A27_2016 M!
1783,64494,1783-64494,8/29/2014,2014,241,2B,1,22:59,RY,Y,Y,U,0,#N/A,U,N,Y,53.5,129,65,96,105,0:30,,1:31,,,,,,,,,,,,,,,,,,,,,,,,,,,,,,
1783,64506,1783-64506,9/18/2014,2014,261,3B,1,22:33,RA,A,A,F,M??,#N/A,F,L,Y,62.5,130,63,96,106,23:18,,0:45,,,,,,,,,,0.5,0.5,3,3,2.5,2.5,2.5,2,M,M,0.5,0.5,3,3,2.5,2.5,2.5,2,M,M,A2_2014 F
1783,64514,1783-64514,9/19/2014,2014,262,2B,1,23:00,RA,A,A,M,0,#N/A,M,N,Y,71,131,63,101,109,23:26,,0:26,,,,,,,,,,1,1,0.5,0.5,0.5,2.5,2,M,M,M,1,1,0.5,0.5,0.5,2.5,2,M,M,M,A18_2014 M
1783,64515,1783-64515,9/13/2014,2014,256,1B,1,20:16,RA,A,A,F,0,#N/A,F,N,Y,66.5,132,66,98,105,20:42,,0:26,,,,,,,,,,3,3,3,3,3,3,3,2.5,M,M,3,3,3,3,2.5,2.5,2.5,2.5,M,M,A8_2014 F gained 10.5g since last capture.
1783,64541,1783-64541,8/23/2014,2014,235,3A,1,21:02,RA,A,A,M,0,#N/A,M,N,?,58,123,46,95,94,21:30,,0:28,,,,,,,,,,1,3,3,3,3,3,M,M,0,0,1,3,3,3,3,3,M,M,0,0,
1783,64546,1783-64546,9/10/2014,2014,253,1B,3,0:16,RA,A,A,M,0,#N/A,M,N,Y,61.5,130,64,96,106,0:37,,0:21,,,,,,,,,,1,0.5,2.5,2.5,2.5,2.5,2.5,2,M,M,1,0.5,2,2,2,2,2.5,2,M,M,A8_2014 M
1783,64565,1783-64565,8/29/2014,2014,241,2B,2,22:19,U,U,Y,U,0,M,M,Y,Y,53,131,64,101,110,0:47,,2:28,,,,,,,,,,3,3,3,2.5,2.5,2.5,1.5,1.5,1.5,1,3,3,3,2.5,2.5,2.5,1.5,1.5,1.5,1,
1783,64568,1783-64568,9/2/2014,2014,245,2B,2,0:00,U,Y,Y,U,0,M,M,,,55.5,138,63,101,111,0:54,,0:54,,,,,,,,,,,,,,,,,,,,,,,,,,,,,,
1783,64569,1783-64569,9/2/2014,2014,245,2A,2,0:00,U,U,Y,U,0,F,F,Y,Y,59,132,63,99,107,0:34,,0:34,,,,,,,,,,3,3,3,3,3,3,3,3,3,1.5,3,3,3,3,3,3,3,2.5,2.5,1,
1783,64570,1783-64570,9/2/2014,2014,245,2A,1,0:50,U,U,Y,U,0,F,F,,,59,134,99,108,66,0:59,,0:09,9/9/2014,3,59.5,,,,,,,,,,,,,,,,,,,,,,,,,,,Escaped on first capture.
1783,64570,1783-64570,9/9/2014,2014,252,3B,1,1:21,F,U,,U,0,F,F,Y,Y,59.5,134,99,108,66,,,,,,,,,,,,,3,3,3,3,2.5,2.5,2.5,2,1.5,1,3,3,3,3,3,2.5,2.5,2,1.5,1,
1783,64580,1783-64580,9/11/2015,2015,254,1A,1,20:47,RY,2,2,U,0,M,M,N,Y,63.7,133,63,97,106,21:16,6,0:29,,,,,,,,,,0.5,0.5,2.5,2.5,2.5,2,2,2,1.5,1,0.5,0.5,2.5,2.5,2.5,2,2,2,1.5,1,A4_2014 Fledgling
1783,64587,1783-64587,9/13/2014,2014,256,1B,1,23:31,NR,Y,Y,U,0,M,M,N,Y,57.5,130,61,94,103,23:48,,0:17,,,,,,,,,,3,3,2.5,2.5,2,2,2,1.5,1.5,1,3,3,2.5,2.5,2,2,1.5,1.5,1.5,1,B13_2014 fledgling
1783,74347,1783-74347,8/22/2016,2016,235,3B,4,22:05,RA,A,A,F,F,#N/A,F,N,Y,68.5,137,31,94,76,22:50,,0:45,,,,,,,,,,1,3,3,3,3,M,M,0.5,0.5,0.5,1,3,3,3,3,M,M,M,0.5,0.5,Rects in molt. A20_2016 F. F vocal in net
1783,74351,1783-74351,8/26/2016,2016,239,1A,3,22:07,RY,Y,Y,U,M,#N/A,M,N,N,51.6,124,60,95,104,22:18,,0:11,,,,,,,,,,,,,,,,,,,,,,,,,,,,,,B12_2016 N. Eldest.
1783,74362,1783-74362,9/2/2016,2016,246,1A,3,0:30,U,Y,Y,U,0,M,M,L,Y,54,128,61,98,105,1:04,7.5,0:34,,,,,,,,,,,,,,,,,,,,,,,,,,,,,,
1783,74375,1783-74375,9/3/2016,2016,247,2B,1,21:15,U,Y,Y,U,0,M,M,L,Y,59.1,128,62,98,107,21:34,,0:19,,,,,,,,,,,,,,,,,,,,,,,,,,,,,,
1783,74376,1783-74376,9/3/2016,2016,247,2B,,22:46,U,Y,Y,U,0,M,M,L,Y,50.4,128,59,94,101,23:06,10.5,0:20,,,,,,,,,,,,,,,,,,,,,,,,,,,,,,
1783,74377,1783-74377,9/4/2016,2016,248,3A,2,20:30,U,Y,Y,U,0,F,F,L,Y,54.8,127,62,98,105,20:58,,0:28,9/10/2016,1B,54.5,,,,,,,,,,,,,,,,,,,,,,,,,,,Recaptured @2430 in upper net same night.
1783,74377,1783-74377,9/10/2016,2016,254,3B,2,0:45,F,Y,Y,U,0,F,F,N,N,54.5,125,59,97,103,0:56,5,0:11,,,,,,,,,,,,,,,,,,,,,,,,,,,,,,"Banded 9/4/16 as HY on Barren, captured 2x"
1783,74378,1783-74378,9/4/2016,2016,248,3B,3,0:01,U,Y,Y,U,0,M,M,L,Y,51.5,125,59,97,103,0:21,7,0:20,,,,,,,,,,,,,,,,,,,,,,,,,,,,,,
1783,74379,1783-74379,9/5/2016,2016,249,1A,3,21:30,U,Y,Y,U,0,M,M,L,Y,50.4,130,62,100,107,21:56,,0:26,,,,,,,,,,,,,,,,,,,,,,,,,,,,,,
1783,74380,1783-74380,9/6/2016,2016,250,2B,1,21:30,U,Y,Y,U,0,F,F,L,Y,52.5,123,59,98,104,21:49,12.5,0:19,,,,,,,,,,,,,,,,,,,,,,,,,,,,,,
1783,74381,1783-74381,9/6/2016,2016,250,2A,1,23:00,U,Y,Y,U,F,#N/A,F,L,Y,56.6,130,64,98,105,23:16,10.5,0:16,,,,,,,,,,,,,,,,,,,,,,,,,,,,,,
1783,74390,1783-74390,8/22/2016,2016,235,3A,1,21:35,U,A,A,F,0,F,F,L,Y,57.9,121,43,93,78,22:29,,0:54,,,,,,,,,,1,1.5,1.5,3,3,M,M,M,0.5,0.5,1.5,1.5,3,3,3,M,M,M,0.5,0.5,Fresh bright pin feathers on breast
1783,74391,1783-74391,8/22/2016,2016,235,3B,1,0:02,U,Y,Y,U,0,M,M,L,Y,57.3,126,63,96,104,0:32,,0:30,,,,,,,,,,,,,,,,,,,,,,,,,,,,,,
1783,74392,1783-74392,8/22/2016,2016,235,3,3,0:32,U,Y,Y,U,0,M,M,R,Y,45.4,126,64,95,104,1:01,,0:29,9/4/2016,3,52.5,,,,,,,,,,,,,,,,,,,,,,,,,,,
1783,74392,1783-74392,9/4/2016,2016,248,3A,2,21:15,F,Y,Y,U,0,M,M,N,N,52.5,126,64,95,104,21:25,15.5,0:10,,,,,,,,,,,,,,,,,,,,,,,,,,,,,,Banded as HY on 8/22/16 on barren
1783,74393,1783-74393,8/23/2016,2016,236,1A,3,23:01,U,Y,Y,U,0,M,M,R,Y,54.1,128,64,95,102,23:39,,0:38,,,,,,,,,,,,,,,,,,,,,,,,,,,,,,
1783,74394,1783-74394,8/24/2016,2016,237,2B,1,22:15,U,Y,Y,U,0,M,M,R,Y,53.2,125,58,91,99,22:37,4.5,0:22,,,,,,,,,,,,,,,,,,,,,,,,,,,,,,
1783,74395,1783-74395,8/26/2016,2016,239,1B,H,21:18,U,Y,Y,U,F,#N/A,F,L,Y,55.9,131,64,101,108,21:44,,0:26,,,,,,,,,,,,,,,,,,,,,,,,,,,,,,
1783,74396,1783-74396,8/26/2016,2016,239,1B,1,21:35,U,Y,Y,U,0,M,M,L,Y,60.4,132,61,100,107,,,,9/11/2016,1A,56.3,,,,,,,,,,,,,,,,,,,,,,,,,,,
1783,74396,1783-74396,9/11/2016,2016,255,1A,1,20:15,F,Y,Y,U,0,M,M,N,N,56.3,132,61,100,107,20:25,11,0:10,,,,,,,,,,,,,,,,,,,,,,,,,,,,,,Banded 8/26/16 as HY. Lost 4.1g.
1783,74400,1783-74400,8/26/2016,2016,239,1A,,21:34,U,Y,Y,U,F,#N/A,F,L,Y,57.4,126,65,96,104,22:12,,0:38,,,,,,,,,,,,,,,,,,,,,,,,,,,,,,
1783,74401,1783-74401,9/1/2016,2016,245,3A,1,0:30,U,Y,Y,U,0,M,M,Y,Y,56.6,131,63,98,107,1:00,,0:30,,,,,,,,,,,,,,,,,,,,,,,,,,,,,,
1783,74402,1783-74402,9/2/2016,2016,246,1A,3,21:30,U,Y,Y,U,F,#N/A,F,L,Y,53.6,128,63,100,109,22:00,,0:30,,,,,,,,,,,,,,,,,,,,,,,,,,,,,,
1783,74403,1783-74403,9/2/2016,2016,246,1B,4,0:15,U,A,A,U,0,M,M,Y,Y,59.9,128,57,99,107,0:45,7.5,0:30,9/18/2016,3A,62.9,,,,,,,0.5,0.5,3,3,3,3,3,M,M,M,0.5,0.5,3,3,3,3,3,M,M,M,
1783,74403,1783-74403,9/18/2016,2016,262,3A,1,21:00,F,A,A,U,0,M,M,N,N,62.9,128,57,99,107,21:12,10,0:12,,,,,,,,,,,,,,,,,,,,,,,,,,,,,,First banded 9/2/16
1833,3103,1833-03103,9/3/2014,2014,246,1B,3,20:59,U,Y,Y,U,0,M,M,Y,Y,58.5,123,61,95,102,21:35,,0:36,9/6/2014,1,59,9/10/2014,1,59.5,9/3/2015,1,66.5,,,,,,,,,,,,,,,,,,,,,
1833,3103,1833-03103,9/6/2014,2014,249,1B,2,22:32,F,Y,Y,U,0,M,M,N,N,59,123,61,95,102,22:45,,0:13,,,,,,,,,,,,,,,,,,,,,,,,,,,,,,
1833,3103,1833-03103,9/10/2014,2014,253,1B,2,0:39,F,Y,Y,U,0,M,M,N,N,59.5,123,61,95,102,0:43,,0:04,,,,,,,,,,,,,,,,,,,,,,,,,,,,,,Banded 9/3/14 recaptured 9/6/14
1833,3103,1833-03103,9/3/2015,2015,246,1B,4,21:15,PF,2,2,M,0,M,M,N,Y,66.5,125,62,95,104,21:59,7,0:44,,,,,,,,,,3,3,3,3,3,3,3,M,M,M,3,3,3,3,3,3,3,M,M,M,
1833,3104,1833-03104,9/3/2014,2014,246,1A,3,21:01,U,A,A,U,0,M,M,Y,Y,60.5,133,57,97,105,21:53,,0:52,9/6/2014,1,61,,,,,,,3,3,3,3,3,2.5,2.5,2,M,M,3,3,3,3,3,2.5,2.5,2,M,M,
1833,3104,1833-03104,9/6/2014,2014,249,1B,3,20:58,F,A,A,U,0,M,M,N,N,61,133,57,97,105,21:09,,0:11,,,,,,,,,,,,,,,,,,,,,,,,,,,,,,
1833,3105,1833-03105,9/3/2014,2014,246,1A,1,22:05,U,U,Y,U,0,F,F,Y,Y,55,127,59,95,104,22:40,,0:35,,,,,,,,,,3,3,3,3,3,2.5,2.5,2,2,1.5,3,3,3,3,3,2.5,2.5,2,1.5,1,
1833,3106,1833-03106,9/3/2014,2014,246,1A,4,1:03,U,U,Y,U,0,F,F,Y,Y,58,124,65,99,107,1:34,,0:31,,,,,,,,,,3,3,3,3,2.5,2.5,2.5,2,2,1.5,3,3,3,3,2.5,2.5,2.5,2,2,1.5,
1833,3107,1833-03107,9/3/2014,2014,246,1A,2,1:39,U,A,A,U,0,M,M,Y,Y,69,134,60,99,106,2:12,,0:33,,,,,,,,,,3,3,3,3,2.5,2.5,2.5,2,M,M,3,3,3,3,2.5,2.5,2.5,2,M,M,
1833,3108,1833-03108,9/3/2014,2014,246,1A,3,2:18,U,A,A,F,0,M,F,Y,Y,62,124,62,94,103,2:48,,0:30,,,,,,,,,,3,3,3,3,2.5,2.5,2.5,2,1.5,1,1,3,2.5,2.5,2,2,2,1.5,1.5,1,
1833,3109,1833-03109,9/4/2014,2014,247,3B,2,21:30,U,U,Y,U,0,M,M,Y,Y,55,132,62,100,106,22:04,,0:34,,,,,,,,,,3,3,3,3,3,2.5,2.5,2,2,1,3,3,3,3,3,2.5,2,2,1.5,1,
1833,3110,1833-03110,9/4/2014,2014,247,3B,1,21:51,U,U,Y,U,0,M,M,Y,Y,58,129,64,97,107,22:30,,0:39,9/6/2014,1,57.5,,,,,,,3,3,3,3,2.5,2.5,2,2,1.5,1,3,3,3,3,2.5,2.5,2,2,1,1,
1833,3110,1833-03110,9/6/2014,2014,249,1B,3,21:34,F,U,Y,U,0,M,M,N,N,57.5,129,64,97,107,21:55,,0:21,,,,,,,,,,,,,,,,,,,,,,,,,,,,,,
1833,3111,1833-03111,9/4/2014,2014,247,3B,2,22:06,U,U,Y,U,0,F,F,Y,Y,55,123,61,91,100,23:23,,1:17,,,,,,,,,,3,3,3,3,2.5,2.5,2.5,2,1.5,1,,,,,,,,,,,Poop on R wing prevents BL
1833,3112,1833-03112,9/4/2014,2014,247,3B,2,22:26,U,U,Y,U,0,F,F,Y,Y,58.5,132,66,100,108,23:35,,1:09,,,,,,,,,,3,3,3,3,2.5,2.5,2.5,2,1.5,1,3,3,3,3,2.5,2.5,2.5,2,1.5,1,
1833,3113,1833-03113,9/6/2014,2014,249,1B,2,20:58,U,U,Y,U,0,M,M,Y,Y,54.5,129,57,95,103,21:33,,0:35,,,,,,,,,,3,3,3,2.5,2.5,2,2,1.5,1.5,1,3,3,3,2.5,2.5,2,2,1.5,1.5,1,
1833,3114,1833-03114,9/6/2014,2014,249,1B,2,21:18,U,U,,U,0,F,F,Y,Y,59.5,132,61,97,107,21:58,,0:40,,,,,,,,,,3,3,3,3,3,2.5,2.5,2.5,2,1,3,3,3,3,3,2.5,2.5,2.5,2,1,
1833,3115,1833-03115,9/6/2014,2014,249,1B,2,21:34,U,U,Y,U,0,M,M,Y,Y,58.5,127,61,96,108,22:25,,0:51,,,,,,,,,,3,3,3,2.5,2.5,2.5,2,2,1.5,1,3,3,3,2.5,2.5,2.5,2,2,1.5,1,
1833,3116,1833-03116,9/6/2014,2014,249,1B,1,22:00,U,U,Y,U,0,M,M,Y,Y,58,127,61,96,108,22:59,,0:59,,,,,,,,,,3,3,3,3,3,2.5,2.5,2.5,1.5,1,3,3,3,3,2.5,2.5,2.5,2,1.5,1,
1833,3117,1833-03117,9/6/2014,2014,249,1B,2,22:15,U,U,Y,U,0,M,M,Y,Y,56.5,136,62,99,108,23:25,,1:10,,,,,,,,,,3,3,3,3,2.5,2.5,2.5,2,2,1.5,3,3,3,3,2.5,2.5,2.5,2,2,1.5,
1833,3118,1833-03118,9/6/2014,2014,249,1B,4,22:38,U,U,Y,U,0,M,M,Y,Y,53.5,126,62,98,106,,,,,,,,,,,,,3,3,3,3,3,2,2,2,1.5,1,3,3,3,3,3,2,2,1.5,1.5,1,
1833,3119,1833-03119,9/6/2014,2014,249,1A,3,22:45,U,U,,U,0,M,M,Y,Y,59.5,131,60,99,108,0:00,,1:15,,,,,,,,,,3,3,3,3,3,3,2.5,2.5,2,1.5,3,3,3,3,3,3,2.5,2.5,2,1.5,
1833,3120,1833-03120,9/6/2014,2014,249,1B,2,23:54,U,A,A,U,0,F,F,Y,Y,66,125,59,95,103,0:37,,0:43,,,,,,,,,,1,1,3,3,3,2.5,2.5,M,M,M,1,1,3,3,3,3,2.5,M,M,M,
1833,3124,1833-03124,9/9/2014,2014,252,3B,4,20:21,U,A,A,M,0,M,M,Y,Y,63,130,65,96,107,20:52,,0:31,,,,,,,,,,3,3,3,2.5,2.5,2,2,1.5,M,M,3,3,3,2.5,2.5,2,2,1,M,M,Gave TEC in hand
1833,3125,1833-03125,9/9/2014,2014,252,3B,2,20:44,U,A,A,F,0,M,F,L,Y,60,129,65,95,102,21:27,,0:43,,,,,,,,,,3,3,3,3,3,2.5,2,2,2,1.5,3,3,3,3,2.5,2.5,2,2,1.5,1.5,
1833,3126,1833-03126,9/9/2014,2014,252,3B,2,21:09,U,A,A,F,0,M,F,R,Y,55.5,132,64,100,109,21:51,,0:42,,,,,,,,,,2,2.5,2.5,2,2,2,1.5,1.5,1.5,1,2,2.5,2.5,2,2,1.5,1.5,1,1,1,
1833,3127,1833-03127,9/9/2014,2014,252,3B,?,22:19,U,A,A,M,0,#N/A,M,?,?,65,125,64,98,107,22:46,,0:27,,,,,,,,,,0.5,0.5,2,2.5,2.5,2.5,2,M,M,M,1,2.5,2.5,2.5,2.5,2.5,2,M,M,M,
1833,3128,1833-03128,9/9/2014,2014,252,3B,2,23:16,U,A,A,F,0,M,F,?,?,55.5,133,59,98,107,23:43,,0:27,,,,,,,,,,3,3,3,3,2.5,2.5,2,2,2,1.5,3,3,3,2.5,2.5,2.5,2,2,1.5,1,Many pinfeathers
1833,3129,1833-03129,9/9/2014,2014,252,3B,3,0:32,U,A,A,F,0,#N/A,F,N,Y,56.5,128,59,94,103,1:12,,0:40,,,,,,,,,,3,3,3,3,3,2.5,2.5,2,1.5,1,3,3,3,3,2.5,2.5,2,2,1,1,
1833,3130,1833-03130,9/9/2014,2014,252,3B,3,1:47,U,A,A,U,0,M,M,?,?,63,127,60,97,105,2:27,,0:40,9/16/2015,3,62.3,,,,,,,1,3,3,3,2.5,2.5,2.5,M,M,M,1,3,3,3,2.5,2.5,2.5,M,M,M,
1833,3130,1833-03130,9/16/2015,2015,259,3B,2,0:18,PF,3,3,M,0,M,M,N,Y,62.3,128,58,97,105,1:02,12,0:44,,,,,,,,,,2.5,1.5,3,3,3,2.5,M,M,M,M,2.5,1.5,3,3,2.5,2,M,M,M,M,Banded 9/9/14 on Barren as an adult
1833,3131,1833-03131,9/10/2014,2014,253,1B,3,20:45,U,U,Y,U,0,M,M,Y,Y,58,139,60,98,106,21:15,,0:30,,,,,,,,,,3,3,3,3,2.5,2.5,2.5,2,1.5,1,3,3,3,2.5,2.5,2.5,2,2,1.5,1,
1833,3132,1833-03132,9/10/2014,2014,253,1A,3,21:16,U,U,Y,U,0,M,M,Y,Y,54,129,61,97,106,21:52,,0:36,,,,,,,,,,2.5,2.5,2.5,2,2,1.5,1.5,1.5,1.5,1,2.5,2.5,2.5,2,2,1.5,1.5,1.5,1,1,
1833,3133,1833-03133,9/10/2014,2014,253,1A,2,21:54,U,A,A,F,0,#N/A,F,Y,Y,58.5,136,62,106,111,22:33,,0:39,,,,,,,,,,2.5,2.5,2.5,2,2,1.5,1.5,1.5,1.5,1,2.5,2.5,2.5,2,2,1.5,1.5,1.5,1,1,
1833,3134,1833-03134,9/10/2014,2014,253,1A,2,0:54,U,U,,U,0,M,M,Y,Y,60.5,134,63,102,110,1:46,,0:52,,,,,,,,,,3,3,3,3,2.5,2.5,2,2,2,1.5,,,,,,,,,,,
1833,3135,1833-03135,9/10/2014,2014,253,1B,2,1:16,U,Y,Y,U,0,M,M,Y,Y,57.5,134,63,98,106,2:11,4.5,0:55,,,,,,,,,,3,3,3,3,3,3,2.5,2,2,1.5,3,3,3,3,3,2.5,2.5,2,1.5,1.5,
1833,3136,1833-03136,9/13/2014,2014,256,1B,1,20:16,U,U,,U,0,F,F,R,Y,61.5,131,64,97,106,20:53,,0:37,,,,,,,,,,3,3,3,2.5,2.5,2.5,2,2,2,1.5,3,3,3,2.5,2.5,2,2,1.5,1.5,1.5,
1833,3137,1833-03137,9/13/2014,2014,256,1B,1,20:34,U,U,,U,0,M,M,R,Y,60,129,59,94,103,21:04,,0:30,,,,,,,,,,3,3,3,3,2.5,2,2,2,1.5,1.5,3,3,3,3,2.5,2.5,2,2,1.5,1,
1833,3138,1833-03138,9/13/2014,2014,256,1B,1,21:32,U,U,Y,U,0,M,M,R,Y,58.5,130,59,96,106,21:58,,0:26,,,,,,,,,,2.5,2.5,2.5,2.5,2,2,2,1.5,1.5,1,3,3,3,2.5,2.5,2.5,2,1.5,1.5,1,
1833,3139,1833-03139,9/13/2014,2014,256,1B,1,22:01,U,U,Y,U,0,M,M,R,Y,56.5,128,57,95,102,22:34,,0:33,,,,,,,,,,2.5,2.5,2.5,2.5,2,2,2,1.5,1.5,1,2.5,2.5,2.5,2.5,2,2,2,1.5,1.5,1.5,
1833,3140,1833-03140,9/13/2014,2014,256,1A,4,22:46,U,A,A,F,0,M,F,L,Y,55.5,134,65,98,106,23:11,,0:25,,,,,,,,,,3,3,2.5,2.5,2,2,2,2,1.5,1.5,3,3,3,2.5,2.5,2,2,1.5,1.5,1.5,
1833,3141,1833-03141,9/16/2014,2014,259,2B,3,21:47,U,Y,Y,U,0,F,F,Y,Y,54.5,134,64,99,109,22:18,,0:31,,,,,,,,,,,,,,,,,,,,,,,,,,,,,,
1833,3142,1833-03142,9/16/2014,2014,259,2A,2,23:32,U,U,Y,U,0,F,F,L,Y,55,134,61,98,106,0:28,,0:56,,,,,,,,,,3,3,3,2.5,2.5,2,1.5,1,1,1,3,3,3,3,2.5,2.5,2,1.5,1,1,
1833,3143,1833-03143,9/16/2014,2014,259,2A,1,0:33,U,U,,U,0,M,M,L,Y,63,126,64,97,105,1:44,,1:11,,,,,,,,,,3,3,3,2.5,2.5,2,2,2,1.5,1.5,3,3,3,2.5,2.5,2,1.5,1.5,1.5,1,
1833,3144,1833-03144,9/16/2014,2014,259,2B,2,1:15,U,U,Y,U,0,F,F,L,Y,56.5,137,66,103,112,1:46,,0:31,,,,,,,,,,2.5,2.5,2.5,2,1.5,1.5,1,1,1,0.5,2.5,2.5,2.5,2.5,2,1.5,1.5,1,1,0.5,
1833,3145,1833-03145,9/16/2014,2014,259,2A,4,2:01,U,U,Y,U,M??,M,M,Y,Y,58.5,131,65,101,109,2:46,,0:45,,,,,,,,,,2.5,2.5,2.5,2,2,2,2,1.5,1.5,1,3,2.5,2.5,2,2,2,1.5,1,1,1,
1833,3146,1833-03146,9/17/2014,2014,260,1A,4,20:49,U,A,A,U,F,#N/A,F,L,Y,67.5,136,64,100,109,21:30,,0:41,,,,,,,,,,2.5,1,3,3,3,3,3,3,2.5,M,3,1,3,3,3,3,3,3,2.5,M,
1833,3147,1833-03147,9/17/2014,2014,260,1B,4,0:31,U,U,Y,U,F,#N/A,F,R,Y,58,130,62,95,105,1:04,,0:33,,,,,,,,,,3,3,2.5,2.5,2,2,2,1.5,1.5,1,3,3,2.5,2.5,2,2,1.5,1.5,1,1,
1833,3148,1833-03148,9/18/2014,2014,261,3A,1,23:21,U,A,A,U,M,#N/A,M,R,Y,75.5,132,64,98,107,23:58,,0:37,,,,,,,,,,0.5,2.5,2,2,2,2,1.5,1.5,M,M,0.5,2.5,2,2,2,1.5,1.5,1.5,M,M,
1833,3149,1833-03149,9/19/2014,2014,262,2A,1,1:00,U,U,Y,U,0,M,M,L,Y,55.5,126,60,97,105,1:43,,0:43,,,,,,,,,,2.5,2.5,2,2,1.5,1.5,1.5,1.5,1,1,2,2,2,2,2,1.5,1.5,1.5,1,1,
1833,3150,1833-03150,9/25/2014,2014,268,2A,3,1:30,U,U,Y,U,M,#N/A,M,R,Y,50.5,128,58,96,104,2:06,,0:36,,,,,,,,,,3,3,3,2.5,2.5,2.5,2,2,1.5,1,3,3,3,2.5,2.5,2.5,2,1.5,1.5,1,
1833,3176,1833-03176,9/17/2015,2015,260,2B,1,22:49,RY,Y,Y,U,M,#N/A,M,N,Y,59.1,126,64,96,104,23:12,,0:23,,,,,,,,,,,,,,,,,,,,,,,,,,,,,,This is Oliver
1833,3190,1833-03190,8/28/2015,2015,240,1A,2,20:33,RY,Y,Y,U,M,#N/A,M,N,N,53.5,124,55,96,103,21:39,,1:06,,,,,,,,,,,,,,,,,,,,,,,,,,,,,,A27_2015 Fledgling Eldest
1833,3191,1833-03191,8/28/2015,2015,240,1A,2,20:33,RY,Y,Y,U,M,#N/A,M,N,N,53.5,126,58,96,103,,,,,,,,,,,,,,,,,,,,,,,,,,,,,,,,,A27_2015 Fledgling Middle Child
1833,3201,1833-03201,9/27/2014,2014,270,3B,1,0:35,U,U,Y,U,0,F,F,R,Y,53,125,59,94,103,1:30,,0:55,,,,,,,,,,2.5,2.5,2.5,2.5,2,2,2,1.5,1.5,1.5,3,2.5,2.5,2.5,2,2,2,1.5,1.5,1,
1833,3299,1833-03299,8/18/2015,2015,230,1B,2,23:52,U,Y,Y,U,M,#N/A,M,L,Y,53.5,126,63,93,102,0:44,,0:52,8/31/2015,1,56,,,,,,,,,,,,,,,,,,,,,,,,,,,
1833,3299,1833-03299,8/31/2015,2015,243,1B,1,21:02,F,Y,Y,U,M,#N/A,M,N,N,56,124,64,94,106,21:17,,0:15,,,,,,,,,,,,,,,,,,,,,,,,,,,,,,Banded 8/18/15
1833,3301,1833-03301,8/26/2015,2015,238,2B,1,20:45,U,Y,Y,U,F,#N/A,F,L,Y,52.5,129,62,97,104,21:21,,0:36,,,,,,,,,,,,,,,,,,,,,,,,,,,,,,
1833,3302,1833-03302,8/26/2015,2015,238,2B,1,20:45,U,Y,Y,U,0,F,F,L,Y,53,131,62,96,105,21:16,,0:31,9/3/2015,1,59.5,,,,,,,,,,,,,,,,,,,,,,,,,,,
1833,3302,1833-03302,9/3/2015,2015,246,1A,3,22:50,F,Y,Y,U,0,F,F,N,N,59.5,129,62,97,105,23:06,6,0:16,,,,,,,,,,,,,,,,,,,,,,,,,,,,,,Banded 8/26/15 on FoY
1833,3303,1833-03303,8/27/2015,2015,239,3A,3,20:30,U,A,A,F,0,M,F,R,Y,57.5,129,59,100,109,21:11,,0:41,,,,,,,,,,2,2.5,3,3,2.5,2,1.5,M,M,M,3,3,3,3,3,2.5,2,M,M,M,
1833,3304,1833-03304,8/27/2015,2015,239,3B,1,20:36,U,A,A,F,M(!!),#N/A,F,L,Y,62.5,134,69,105,114,21:16,,0:40,9/2/2015,3,64,,,,,,,1,1,2.5,2.5,2.5,2.5,2,M,M,M,1,1,2.5,2.5,2.5,2.5,2,M,M,M,
1833,3304,1833-03304,9/2/2015,2015,245,3B,4,20:37,F,A,A,U,M,#N/A,M,N,N,64,137,67,104,114,21:12,,0:35,,,,,,,,,,1,1,2.5,2.5,2.5,2.5,2,M,M,M,1.5,1.5,2.5,2.5,2,2,2,M,M,M,Banded 8/27/15
1833,3305,1833-03305,8/27/2015,2015,239,3B,1,21:02,U,Y,Y,U,0,Inconclusive,U,R,Y,54.5,135,63,100,107,21:45,,0:43,,,,,,,,,,,,,,,,,,,,,,,,,,,,,,
1833,3306,1833-03306,8/27/2015,2015,239,3A,4,0:03,U,Y,Y,U,0,M,M,L,Y,56,129,59,95,102,0:29,,0:26,,,,,,,,,,,,,,,,,,,,,,,,,,,,,,
1833,3307,1833-03307,8/28/2015,2015,240,1A,3,20:33,U,Y,Y,U,F,#N/A,F,L,Y,59,130,62,100,109,21:25,,0:52,,,,,,,,,,,,,,,,,,,,,,,,,,,,,,
1833,3308,1833-03308,8/28/2015,2015,240,1A,4,21:04,U,Y,Y,U,F,#N/A,F,L,Y,59,132,59,100,109,21:04,,0:00,,,,,,,,,,,,,,,,,,,,,,,,,,,,,,
1833,3309,1833-03309,8/28/2015,2015,240,1A,1,21:20,U,A,A,U,0,Inconclusive,U,L,Y,59,122,51,102,104,22:24,,1:04,,,,,,,,,,3,3,3,3,3,3,M,M,M,M,3,3,3,3,3,3,M,M,M,M,
1833,3311,1833-03311,8/19/2015,2015,231,3A,3,23:44,U,A,A,F,0,M,F,R,Y,58,131,61,103,112,0:44,,1:00,8/24/2015,3,55,,,,,,,3,3,3,3,2.5,2.5,1.5,M,M,M,3,3,2.5,2.5,2.5,2.5,1.5,M,M,M,
1833,3311,1833-03311,8/24/2015,2015,236,3B,1,20:52,F,A,A,F,0,M,F,N,N,55,133,67,102,112,21:21,,0:29,,,,,,,,,,,,,,,,,,,,,,,,,,,,,,Banded 8/19/15
1833,3312,1833-03312,8/20/2015,2015,232,2A,1,22:46,U,A,A,F,0,#N/A,F,L,Y,58.5,125,62,89,96,0:10,,1:24,,,,,,,,,,0.5,1,1,3,3,2.5,2.5,M,M,M,0.5,1,1,3,3,2.5,2.5,M,M,M,
1833,3313,1833-03313,8/20/2015,2015,232,2B,1,22:50,U,Y,Y,U,F,#N/A,F,L,Y,54.5,131,62,98,107,23:40,,0:50,,,,,,,,,,,,,,,,,,,,,,,,,,,,,,
1833,3314,1833-03314,8/20/2015,2015,232,2A,1,23:18,U,Y,Y,U,F,#N/A,F,L,Y,50.5,125,61,99,106,0:44,,1:26,,,,,,,,,,,,,,,,,,,,,,,,,,,,,,
1833,3315,1833-03315,8/20/2015,2015,232,2A,2,0:46,U,Y,Y,U,F,#N/A,F,L,Y,56,122,61,97,105,1:30,,0:44,,,,,,,,,,,,,,,,,,,,,,,,,,,,,,
1833,3316,1833-03316,8/20/2015,2015,232,2A,2,2:17,U,Y,Y,U,F,#N/A,F,L,Y,51.5,131,65,101,110,2:58,,0:41,,,,,,,,,,,,,,,,,,,,,,,,,,,,,,
1833,3317,1833-03317,8/20/2015,2015,232,2A,2,2:24,U,Y,Y,U,0,M,M,L,Y,54,130,63,99,107,3:23,,0:59,8/28/2015,1,57,,,,,,,,,,,,,,,,,,,,,,,,,,,
1833,3317,1833-03317,8/28/2015,2015,240,1A,1,22:34,F,Y,Y,U,0,M,M,N,N,57,129,63,99,107,22:51,,0:17,,,,,,,,,,,,,,,,,,,,,,,,,,,,,,Banded 8/20/15
1833,3318,1833-03318,8/24/2015,2015,236,3B,3,22:01,U,Y,Y,U,0,Inconclusive,U,L,Y,52.5,128,66,96,104,22:01,,0:00,,,,,,,,,,,,,,,,,,,,,,,,,,,,,,
1833,3319,1833-03319,8/25/2015,2015,237,1A,3,20:53,U,Y,Y,U,`,M,M,L,Y,57.5,130,59,93,102,21:43,,0:50,8/28/2015,1,57,,,,,,,,,,,,,,,,,,,,,,,,,,,
1833,3319,1833-03319,8/28/2015,2015,240,1A,4,20:33,F,Y,Y,U,`,M,M,N,N,57,129,62,93,102,20:55,,0:22,,,,,,,,,,,,,,,,,,,,,,,,,,,,,,Banded 8/25/15 on Saddle
1833,3320,1833-03320,8/25/2015,2015,237,1A,3,21:12,U,Y,Y,U,M,#N/A,M,L,Y,48.5,127,61,96,106,21:46,,0:34,9/2/2015,3,55,,,,,,,,,,,,,,,,,,,,,,,,,,,
1833,3320,1833-03320,9/2/2015,2015,245,3B,3,22:33,F,Y,Y,U,M,#N/A,M,N,N,55,130,61,96,105,22:45,,0:12,,,,,,,,,,,,,,,,,,,,,,,,,,,,,,Banded 8/25/15
1833,3321,1833-03321,8/28/2015,2015,240,1A,2,22:05,U,Y,Y,U,0,Inconclusive,U,R,Y,56.5,131,59,96,105,22:46,,0:41,,,,,,,,,,,,,,,,,,,,,,,,,,,,,,
1833,3322,1833-03322,8/28/2015,2015,240,1B,2,0:03,U,Y,Y,U,F,#N/A,F,L,Y,56.5,128,61,94,103,0:35,,0:32,9/5/2015,1,56.4,,,,,,,,,,,,,,,,,,,,,,,,,,,
1833,3322,1833-03322,9/5/2015,2015,248,1A,4,23:03,F,Y,Y,U,F,#N/A,F,N,N,56.4,128,61,94,103,23:20,12,0:17,,,,,,,,,,,,,,,,,,,,,,,,,,,,,,Banded 8/28/15 on Saddle
1833,3323,1833-03323,8/31/2015,2015,243,1A,3,21:02,U,Y,Y,U,F,#N/A,F,L,Y,54.5,127,60,95,105,21:52,,0:50,,,,,,,,,,,,,,,,,,,,,,,,,,,,,,
1833,3324,1833-03324,8/31/2015,2015,243,1A,3,21:20,U,Y,Y,U,F,#N/A,F,L,Y,57,132,62,97,107,22:13,,0:53,9/5/2015,1,62.8,,,,,,,,,,,,,,,,,,,,,,,,,,,
1833,3324,1833-03324,9/5/2015,2015,248,1A,3,22:18,F,Y,Y,U,F,#N/A,F,N,N,62.8,132,64,97,105,22:42,,0:24,,,,,,,,,,,,,,,,,,,,,,,,,,,,,,Banded 8/31/15 on Saddle
1833,3325,1833-03325,8/31/2015,2015,243,1B,3,21:18,U,Y,Y,U,0,M,M,L,Y,52,122,53,95,103,22:34,,1:16,9/11/2016,1B,60.7,,,,,,,,,,,,,,,,,,,,,,,,,,,
1833,3325,1833-03325,9/11/2016,2016,255,1B,3,22:45,PF,2,2,M,0,M,M,N,Y,60.7,128,60,95,105,23:09,10,0:24,,,,,,,,,,3,3,3,3,3,3,3,M,M,M,3,3,3,3,3,3,3,M,M,M,"First banded 8/31/15 as HY. Coverts in shaft with RS4,7,8 appearing new. TEC in hand."
1833,3326,1833-03326,8/31/2015,2015,243,1B,1,22:19,U,Y,Y,U,M,#N/A,M,L,Y,55,126,60,95,107,22:49,,0:30,,,,,,,,,,,,,,,,,,,,,,,,,,,,,,
1833,3327,1833-03327,8/31/2015,2015,243,1B,1,23:05,U,Y,Y,U,M,#N/A,M,R,Y,53,130,59,96,104,23:47,,0:42,9/2/2015,3,54,,,,,,,,,,,,,,,,,,,,,,,,,,,
1833,3327,1833-03327,9/2/2015,2015,245,3B,1,20:37,F,Y,Y,U,M,#N/A,M,N,N,54,129,58,96,104,21:09,,0:32,,,,,,,,,,,,,,,,,,,,,,,,,,,,,,Banded /31/15 on saddle
1833,3328,1833-03328,9/1/2015,2015,244,2B,2,21:16,U,Y,Y,U,M,#N/A,M,L,Y,53.5,129,62,96,104,21:44,,0:28,,,,,,,,,,,,,,,,,,,,,,,,,,,,,,
1833,3329,1833-03329,9/1/2015,2015,244,2A,1,21:32,U,Y,Y,U,F,#N/A,F,L,Y,54.5,126,64,99,107,22:11,,0:39,,,,,,,,,,,,,,,,,,,,,,,,,,,,,,
1833,3330,1833-03330,9/1/2015,2015,244,2B,4,22:31,U,Y,Y,U,0,M,M,R,Y,54,124,61,93,101,22:57,,0:26,,,,,,,,,,,,,,,,,,,,,,,,,,,,,,
1833,3331,1833-03331,9/1/2015,2015,244,2B,1,23:31,U,Y,Y,U,F,#N/A,F,R,Y,59.5,132,62,98,108,0:01,,0:30,,,,,,,,,,,,,,,,,,,,,,,,,,,,,,
1833,3332,1833-03332,9/3/2015,2015,246,1A,4,21:48,U,Y,Y,U,0,Inconclusive,U,R,Y,59,133,63,99,106,22:27,6,0:39,,,,,,,,,,,,,,,,,,,,,,,,,,,,,,
1833,3333,1833-03333,9/3/2015,2015,246,1A,2,22:20,U,Y,Y,U,M,#N/A,M,L,Y,57,128,62,97,105,22:55,7,0:35,,,,,,,,,,,,,,,,,,,,,,,,,,,,,,
1833,3334,1833-03334,9/3/2015,2015,246,1A,4,23:33,U,Y,Y,U,M,#N/A,M,L,Y,56.5,131,62,98,106,0:00,5,0:27,,,,,,,,,,,,,,,,,,,,,,,,,,,,,,
1833,3335,1833-03335,9/3/2015,2015,246,1A,2,0:16,U,Y,Y,U,M,#N/A,M,L,Y,52,131,62,95,105,0:46,5,0:30,,,,,,,,,,,,,,,,,,,,,,,,,,,,,,
1833,3336,1833-03336,9/4/2015,2015,247,2A,1,21:15,U,Y,Y,U,0,M,M,L,Y,54,126,63,96,105,21:44,13,0:29,9/20/2016,1A,62.7,,,,,,,,,,,,,,,,,,,,,,,,,,,
1833,3336,1833-03336,9/20/2016,2016,264,1A,3,20:45,PF,2,2,U,0,M,M,N,Y,62.7,126,62,97,105,21:05,13.5,0:20,,,,,,,,,,3,3,3,3,3,3,3,3,3,3,3,3,3,3,3,3,3,3,3,3,Banded as HY on 9/4/15. Blacklight pictures.
1833,3337,1833-03337,9/5/2015,2015,248,1A,2,21:20,U,Y,Y,U,M,#N/A,M,R,Y,54.4,125,56,93,103,21:56,,0:36,,,,,,,,,,,,,,,,,,,,,,,,,,,,,,
1833,3338,1833-03338,9/7/2015,2015,250,3A,1,22:03,U,Y,Y,U,F,#N/A,F,L,Y,54.2,130,63,98,107,22:44,10,0:41,,,,,,,,,,,,,,,,,,,,,,,,,,,,,,
1833,3339,1833-03339,9/9/2015,2015,252,2B,2,23:02,U,Y,Y,U,0,M,M,L,Y,55.7,125,64,100,106,23:35,7,0:33,,,,,,,,,,,,,,,,,,,,,,,,,,,,,,
1833,3340,1833-03340,9/9/2015,2015,252,2B,4,23:32,U,Y,Y,U,F,#N/A,F,L,Y,62.5,131,63,97,105,23:32,7,0:00,,,,,,,,,,,,,,,,,,,,,,,,,,,,,,
1833,3341,1833-03341,9/10/2015,2015,253,3A,1,23:16,U,Y,Y,U,F,#N/A,F,R,Y,57.4,135,69,102,111,23:47,8,0:31,,,,,,,,,,,,,,,,,,,,,,,,,,,,,,
1833,3342,1833-03342,9/11/2015,2015,254,1B,1,20:32,U,A,A,U,F,#N/A,F,L,Y,64.6,121,64,97,106,21:06,7,0:34,,,,,,,,,,3,3,1.5,1,3,3,2.5,M,M,M,2.5,1,1,1,3,3,2.5,M,M,M,
1833,3343,1833-03343,9/11/2015,2015,254,1B,2,22:31,U,Y,Y,U,M,#N/A,M,L,Y,59,127,65,96,105,23:08,6,0:37,,,,,,,,,,,,,,,,,,,,,,,,,,,,,,
1833,3344,1833-03344,9/16/2015,2015,259,3B,3,1:34,U,Y,Y,U,F,#N/A,F,L,Y,54.2,133,59,99,107,2:04,11.5,0:30,,,,,,,,,,,,,,,,,,,,,,,,,,,,,,
1833,3345,1833-03345,9/17/2015,2015,260,2A,,21:01,U,Y,Y,U,0,F,F,L,Y,54.2,131,59,100,108,21:46,10,0:45,,,,,,,,,,,,,,,,,,,,,,,,,,,,,,
1833,3346,1833-03346,9/17/2015,2015,260,2A,3,21:02,U,Y,Y,U,F,#N/A,F,L,Y,50.7,128,57,87,97,21:49,10,0:47,,,,,,,,,,,,,,,,,,,,,,,,,,,,,,
1833,3347,1833-03347,9/17/2015,2015,260,2B,2,21:35,U,Y,Y,U,F,#N/A,F,L,Y,51.7,128,61,97,106,22:13,10,0:38,,,,,,,,,,,,,,,,,,,,,,,,,,,,,,
1833,3348,1833-03348,9/17/2015,2015,260,2A,3,22:16,U,Y,Y,U,M,#N/A,M,L,Y,55.1,131,63,97,107,22:48,,0:32,,,,,,,,,,,,,,,,,,,,,,,,,,,,,,
1833,3349,1833-03349,9/17/2015,2015,260,2B,3,23:15,U,Y,Y,U,0,M,M,L,Y,57.2,133,60,97,105,0:14,,0:59,,,,,,,,,,,,,,,,,,,,,,,,,,,,,,
1833,3350,1833-03350,9/17/2015,2015,260,2B,2,23:42,U,Y,Y,U,M,#N/A,M,R,Y,52.7,126,61,97,105,0:42,8,1:00,,,,,,,,,,,,,,,,,,,,,,,,,,,,,,
1833,3351,1833-03351,9/17/2015,2015,260,2A,1,23:43,U,Y,Y,U,M,#N/A,M,L,Y,57.1,129,63,102,111,0:54,8,1:11,,,,,,,,,,,,,,,,,,,,,,,,,,,,,,
1833,3352,1833-03352,9/17/2015,2015,260,2A,3,0:02,U,Y,Y,U,F,#N/A,F,R,Y,56,131,67,100,110,1:23,8,1:21,,,,,,,,,,,,,,,,,,,,,,,,,,,,,,
1833,3353,1833-03353,9/17/2015,2015,260,2B,1,1:17,U,Y,Y,U,F,#N/A,F,L,Y,61.6,126,63,95,103,1:44,,0:27,,,,,,,,,,,,,,,,,,,,,,,,,,,,,,
1833,3354,1833-03354,9/21/2015,2015,264,1B,3,20:17,U,A,A,U,M,#N/A,M,L,Y,58.4,129,63,95,104,21:01,15,0:44,,,,,,,,,,3,3,3,3,2.5,2.5,2.5,2.5,2,2,3,3,3,3,2.5,2.5,2.5,2.5,2,2,Apparent different generations of secondaries
1833,3355,1833-03355,9/21/2015,2015,264,1A,2,20:34,U,Y,Y,U,M,#N/A,M,L,Y,57.4,138,65,104,112,21:26,15,0:52,,,,,,,,,,,,,,,,,,,,,,,,,,,,,,
1833,3356,1833-03356,9/21/2015,2015,264,1A,3,23:17,U,Y,Y,U,F,#N/A,F,L,Y,61.6,130,65,102,110,0:02,,0:45,,,,,,,,,,,,,,,,,,,,,,,,,,,,,,
1833,3357,1833-03357,9/21/2015,2015,264,1B,3,0:04,U,Y,Y,U,F,#N/A,F,L,Y,59.6,129,63,94,103,0:51,9,0:47,,,,,,,,,,,,,,,,,,,,,,,,,,,,,,
1833,3358,1833-03358,9/23/2015,2015,266,2B,1,21:15,U,Y,Y,U,M,#N/A,M,L,Y,57.6,125,61,95,14,21:45,8,0:30,,,,,,,,,,,,,,,,,,,,,,,,,,,,,,
1833,3359,1833-03359,9/23/2015,2015,266,2A,1,23:00,U,Y,Y,U,M,#N/A,M,L,Y,54.3,122,62,93,101,23:22,6,0:22,,,,,,,,,,,,,,,,,,,,,,,,,,,,,,
1833,3360,1833-03360,9/23/2015,2015,266,2B,3,23:18,U,Y,Y,U,M,#N/A,M,L,Y,62.9,133,61,97,106,23:43,6,0:25,,,,,,,,,,,,,,,,,,,,,,,,,,,,,,
1833,3361,1833-03361,9/23/2015,2015,266,2A,2,0:32,U,A,A,U,M,#N/A,M,R,Y,57.5,126,65,96,105,1:45,5,1:13,,,,,,,,,,3,3,3,3,3,2.5,2.5,2.5,2.5,2,3,3,3,3,3,2.5,2.5,2,2,2,
1833,3362,1833-03362,9/23/2015,2015,266,2B,1,1:55,U,A,A,U,F,#N/A,F,L,Y,64,130,66,97,107,2:24,4,0:29,,,,,,,,,,0.5,0.5,0.5,2.5,2.5,2.5,2,2,2,M,0.5,0.5,0.5,2.5,2.5,2.5,2,2,2,M,"Pin feathers on abdomen, but little flourescence."
1833,3363,1833-03363,9/24/2015,2015,267,1A,3,19:57,U,Y,Y,U,0,F,F,L,Y,56.6,127,56,94,103,20:34,,0:37,,,,,,,,,,,,,,,,,,,,,,,,,,,,,,
1833,3377,1833-03377,8/22/2016,2016,235,3B,1,21:17,U,Y,Y,U,0,M,M,L,Y,51.5,129,63,98,107,21:45,,0:28,9/10/2016,3,54.5,,,,,,,,,,,,,,,,,,,,,,,,,,,
1833,3401,1833-03401,9/6/2016,2016,250,2B,1,0:00,U,Y,Y,U,M,#N/A,M,R,Y,53.3,122,58,91,100,0:26,10,0:26,,,,,,,,,,,,,,,,,,,,,,,,,,,,,,
1833,3402,1833-03402,9/6/2016,2016,250,2A,1,0:15,U,Y,Y,U,0,M,M,L,Y,52.6,126,63,96,104,0:42,9.5,0:27,,,,,,,,,,,,,,,,,,,,,,,,,,,,,,
1833,3405,1833-03405,9/10/2016,2016,254,3B,3,20:30,U,Y,Y,U,0,F,F,R,Y,52.9,134,62,99,109,20:56,10.5,0:26,,,,,,,,,,,,,,,,,,,,,,,,,,,,,,
1833,3406,1833-03406,9/10/2016,2016,254,3B,1,0:45,U,Y,Y,U,0,M,M,L,Y,55.2,127,62,96,105,1:07,5,0:22,,,,,,,,,,,,,,,,,,,,,,,,,,,,,,
1833,3407,1833-03407,9/11/2016,2016,255,1A,1,20:15,U,Y,Y,U,F,#N/A,F,L,Y,55.2,129,64,98,106,20:36,11,0:21,,,,,,,,,,,,,,,,,,,,,,,,,,,,,,Mostly juv. Plumage left on flanks. Mite damage on primaries
1833,3408,1833-03408,9/11/2016,2016,255,1B,2,20:30,U,Y,Y,U,0,M,M,Y,Y,51.2,125,60,93,101,20:48,10,0:18,,,,,,,,,,,,,,,,,,,,,,,,,,,,,,
1833,3409,1833-03409,9/11/2016,2016,255,1B,2,22:01,U,Y,Y,U,0,M,M,L,Y,51.5,132,61,97,106,22:20,8.5,0:19,,,,,,,,,,,,,,,,,,,,,,,,,,,,,,
1833,3410,1833-03410,9/11/2016,2016,255,1A,3,23:00,U,Y,Y,U,0,M,M,L,Y,54.8,128,59,97,105,23:28,10,0:28,,,,,,,,,,,,,,,,,,,,,,,,,,,,,,
1833,3411,1833-03411,9/13/2016,2016,257,2B,1,23:00,U,Y,Y,U,0,M,M,R,Y,58.4,129,64,98,106,23:22,6,0:22,,,,,,,,,,,,,,,,,,,,,,,,,,,,,,
1833,3412,1833-03412,9/13/2016,2016,257,2A,1,0:30,U,Y,Y,U,0,M,M,L,Y,59.7,123,62,93,101,0:48,3.5,0:18,,,,,,,,,,,,,,,,,,,,,,,,,,,,,,
1833,3413,1833-03413,9/19/2016,2016,263,2A,1,0:40,U,Y,Y,U,0,M,M,L,Y,58.1,132,61,96,103,0:55,9.5,0:15,,,,,,,,,,,,,,,,,,,,,,,,,,,,,,
1833,3414,1833-03414,9/21/2016,2016,265,3A,2,21:30,U,Y,Y,U,0,M,M,L,Y,56.6,129,60,98,107,21:50,13,0:20,,,,,,,,,,,,,,,,,,,,,,,,,,,,,,
1833,3415,1833-03415,9/21/2016,2016,265,3B,1,0:15,U,Y,Y,U,0,F,F,L,Y,56.7,123,60,95,102,0:39,11.5,0:24,,,,,,,,,,,,,,,,,,,,,,,,,,,,,,
1833,3416,1833-03416,9/27/2016,2016,271,1A,3,23:45,U,A,A,U,0,M,M,R,Y,67,132,62,96,105,0:41,4.5,0:56,,,,,,,,,,3,3,3,3,3,3,3,3,3,M,3,3,3,3,3,3,3,3,3,M,Pin feathers and loose skin apparent.
1833,3417,1833-03417,9/29/2016,2016,273,2A,2,19:45,U,A,A,U,0,M,M,L,Y,75,129,60,100,109,20:07,12.5,0:22,,,,,,,,,,2,1.5,1,3,2.5,2.5,2.5,2,2,2,2,1.5,1,3,2.5,2.5,2.5,2,2,2,
1833,3418,1833-03418,9/29/2016,2016,273,2A,H,0:24,U,U,,U,0,F,F,L,Y,68.7,128,61,98,107,1:10,9,0:46,,,,,,,,,,,,,,,,,,,,,,,,,,,,,,
